expression;code_naf;remarque
escape game;93.29Z;
jeu d'évasion;93.29Z;
laser game;93.29Z;
salle d'arcade;93.29Z;
parc de loisirs;93.29Z;
discothèque;93.29Z;si la boisson n'est pas l'activité principale
discothèque;56.30Z;si la boisson est l'activité principale
boîte de nuit;56.30Z;
parc d'attractions;93.21Z;
bowling;93.11Z;
salle de sport;93.13Z;
fitness;93.13Z;
musculation;93.13Z;
crossfit;93.13Z;
coach sportif;85.51Z;
cours de yoga;85.51Z;
centre équestre;93.19Z;
boulangerie;10.71C;
boulanger;10.71C;
pâtisserie;10.71D;
pâtissier;10.71D;
boucherie;47.22Z;
boucher;47.22Z;
charcuterie;10.13B;
poissonnerie;47.23Z;
primeur;47.21Z;
fromagerie;47.29Z;
épicerie fine;47.29Z;
épicerie;47.11B;
supérette;47.11C;
supermarché;47.11D;
hypermarché;47.11F;
caviste;47.25Z;
fleuriste;47.76Z;
librairie;47.61Z;
pharmacie;47.73Z;
opticien;47.78A;
bureau de tabac;47.26Z;
vente en ligne;47.91B;
e-commerce;47.91B;
restaurant;56.10A;
restauration rapide;56.10C;
fast food;56.10C;
food truck;56.10C;
kebab;56.10C;
pizzeria;56.10A;sur place ; à emporter : 56.10C
traiteur;56.21Z;
bar;56.30Z;
café;56.30Z;
pub;56.30Z;
hôtel;55.10Z;
camping;55.30Z;
gîte;55.20Z;
chambre d'hôtes;55.20Z;
coiffeur;96.02A;
salon de coiffure;96.02A;
barbier;96.02A;
esthéticienne;96.02B;
institut de beauté;96.02B;
onglerie;96.02B;
tatouage;96.09Z;
toilettage;96.09Z;
spa;96.04Z;
pressing;96.01B;
pompes funèbres;96.03Z;
cordonnier;95.23Z;
réparation de téléphones;95.12Z;
réparation d'ordinateurs;95.11Z;
plombier;43.22A;
chauffagiste;43.22B;
électricien;43.21A;
peintre en bâtiment;43.34Z;
maçon;43.99C;
menuisier;43.32A;
serrurier;43.32B;
plaquiste;43.31Z;
carreleur;43.33Z;
couvreur;43.91B;
paysagiste;81.30Z;
jardinier;81.30Z;
nettoyage de bureaux;81.21Z;
ménage;81.21Z;
garagiste;45.20A;
mécanicien automobile;45.20A;
carrossier;45.20A;
contrôle technique;71.20A;
auto-école;85.53Z;
taxi;49.32Z;
vtc;49.32Z;
chauffeur vtc;49.32Z;
déménagement;49.42Z;
coursier;53.20Z;
livraison à vélo;53.20Z;
location de voitures;77.11A;
agence de voyages;79.11Z;
agence immobilière;68.31Z;
agent immobilier;68.31Z;
développeur web;62.01Z;
création de sites internet;62.01Z;
consultant informatique;62.02A;
graphiste;74.10Z;
designer;74.10Z;
photographe;74.20Z;
traducteur;74.30Z;
agence de communication;73.11Z;
consultant;70.22Z;
expert-comptable;69.20Z;
avocat;69.10Z;
architecte;71.11Z;
médecin généraliste;86.21Z;
dentiste;86.23Z;
infirmier;86.90D;
sage-femme;86.90D;
kinésithérapeute;86.90E;
kiné;86.90E;
ostéopathe;86.90F;
psychologue;86.90F;
vétérinaire;75.00Z;
crèche;88.91A;
micro-crèche;88.91A;
aide à domicile;88.10A;
soutien scolaire;85.59B;
cours particuliers;85.59B;
cinéma;59.14Z;
salle de concert;90.04Z;
microbrasserie;11.05Z;
brasserie artisanale;11.05Z;
vigneron;01.21Z;
viticulteur;01.21Z;
maraîcher;01.13Z;
apiculteur;01.49Z;
coiffeuse;96.02A;
glacier;10.52Z;fabrication artisanale de glaces
cordonnerie;95.23Z;
jeux vidéo;58.21Z;édition / studio de jeux
studio de jeux vidéo;58.21Z;
magasin de vélos;47.64Z;
vélo;47.64Z;vente de vélos
réparation de vélos;95.29Z;
location de vélos;77.21Z;
location de trottinettes;77.21Z;
moniteur de ski;85.51Z;
station de ski;93.29Z;
